# model | motif | color | choreography
anubis.SCALES|scales|e5c78b|relic
athena.PHALANX|shield|a5d9ff|phalanx
design.ABYSS|eclipse|aa77e5|abyss
design.AEGIS_PLATES|shield|ffe5ac|guard
design.AKASHIC_BOOK|book|bf9aff|pages
design.AKASHIC_CURSE|book|d479ef|curse
design.ANCHOR|anchor|93d8ed|anchor
design.ANVIL|hammer|ffc585|forge
design.ARCHER_BOW|bow|c1edaf|bow
design.ARMILLARY|orrery|ffd991|orbit
design.BEES|bee|ffdc83|flock
design.BLACK_ARMOR|shield|b49ae8|guard
design.BLESSING|cross|fff0b7|heal
design.BOMB|bomb|ffa080|relic
design.BULLET|bullet|e5d9c5|shot
design.CAULDRON|cauldron|cc9bff|steam
design.CHAMBER|gear|c4d8e4|gears
design.CLOAK|feather|b7a1f2|veil
design.CLOCK|clock|ffe0a0|clock
design.CLOUD_STEP|wind|b6edf9|step
design.COUNTER_LOCK|chain|c9e8f4|bind
design.CREEPER_FUSE|bolt|baff91|flame
design.DAGGER_STEP|dagger|cfb8ff|slash
design.DISCORD|rift|ea9aff|portal
design.DREAM|moon|d8b3ff|dream
design.EARTH_FLOWER|lotus|b8f3ba|bloom
design.EARTH_ROOTS|vine|bad9a0|roots
design.EMBERS|flame|ffb785|flame
design.EXPLOSION_CHARGE|sigil|ffb07c|charge
design.FALSE_FACE|mask|cee7ef|mask
design.FEAST|feast|ffd699|steam
design.FISH_HOOK|hook|99e7f1|hook
design.FOLD_GATE|rift|8ff4ee|portal
design.GALE|wind|c8f1ff|gust
design.GOLD_SPOON|spoon|ffe8a0|steam
design.GREEN_SMASH|fist|a3ffc0|punch
design.HEART_BIND|heart|ffb1da|bind
design.HERBS|leaf|c1e9a1|leaves
design.HIDDEN_CARDS|cards|eed9b8|cards
design.INK_ORCHID|orchid|efb1d3|bloom
design.JET_EXHAUST|flame|ffb496|exhaust
design.LAUREL|laurel|ffdd9a|crown
design.LUNAR_VEIL|moon|c2d5ff|dream
design.MEDICINE|caduceus|a9f0c7|heal
design.MIRROR|crystal|c0edff|mirror
design.MOON_BOW|bow|d4d6ff|bow
design.MUSCLE|fist|e8d9bd|punch
design.NATURE_LEAVES|leaf|9fdeb1|leaves
design.OATH_KNOT|knot|f8dba1|knot
design.ONE_PUNCH|fist|fff0c7|punch
design.ORE_SPLIT|crystal|9eecf4|shatter
design.POMEGRANATE|fruit|ff9aaa|fruit
design.QUENCH|hammer|9cdef4|forge
design.RAINBOW|rainbow|d4b7ff|rainbow
design.RAVENS|raven|b4bcff|flock
design.RECORD|record|ffbce8|record
design.RESOLVE|banner|ffcfba|banner
design.RETURN_GATE|clock|ffe4ae|portal
design.ROCKET|rocket|badfff|shot
design.ROSE_GATE|rose|ffb2d5|bloom
design.ROYAL_DECREE|seal|ffbfaa|seal
design.ROYAL_GRACE|book|ffe7b5|pages
design.SCOPE|reticle|c9e5e9|scope
design.SEEDLING|leaf|b9f0aa|seed
design.SERPENT_FEATHERS|feather|94efd9|wings
design.SERVANT_WALL|shield|ecddb5|wall
design.SHUT_EYE|eye|b6acf5|eye
design.SNOWFLAKE|snow|c0efff|snow
design.SOLAR_ARROW|bow|ffcc88|bow
design.SOLAR_DISC|sun|ffdf9e|sun
design.SPELL_PAGES|book|aadeff|pages
design.STOCK_SPLIT|coin|f8dd8d|coins
design.SUN_MIRROR|sun|ffeab5|sun
design.TEACUP|cup|f4d3b0|steam
design.THUNDER_FORK|bolt|e2c4ff|lightning
design.TRICK_MASK|mask|c2f3b0|mask
design.TRIDENT|trident|93e8f5|slash
design.TURTLE_SHIP|ship|c8e7d1|ship
design.UNDERWORLD_ROOTS|vine|e998c1|roots
design.VENOM|serpent|c4f387|serpent
design.VENOM_BOW|bow|d4ee9a|bow
design.VICTORY|laurel|ffe6ae|crown
design.VOODOO_DOLL|doll|dbb0ed|curse
design.WAND_GUST|wind|b1e8ff|gust
design.WAR_BLADES|swords|ffa9b2|slash
design.WHEAT|wheat|f7df9e|wheat
design.WIND_HEAL|feather|b8f2e7|heal
design.WINE|chalice|e7b4ef|steam
design.WITCH_MOONS|moon|dfb8ff|orbit
graviton.GRAVITY|eclipse|cca4ff|vortex
runesmith.FIRE_RUNE|sigil|ffc38a|fire-rune
runesmith.FROST_RUNE|snow|a3e6ff|frost-rune
shared.FIRE_WINGS|feather|ffc18c|wings
shared.SHIELD|shield|c1e6ff|guard
shared.SPEAR|spear|ffdda4|projectile
shared.WINGS|feather|e3eeff|wings
thor.HAMMER|hammer|b9e8ff|projectile
