게임	0	29
팀	18	15
월드	36	29
심장 보호	54	62
전투	72	29
화면	90	29
뽑기	108	29
게임룰	126	43
홈	144	15
도움말	162	43
시작템	180	43
새로고침	198	57
뒤로	216	29
닫기	234	29
이전	252	29
다음	270	29
검색	288	29
전체	306	29
일반 능력	324	62
고급 능력	342	62
패시브	360	43
세부 정보	378	62
상태 확인	396	62
능력 도감	414	62
내 능력	432	48
보상 보기	450	62
한 번 뽑기	468	67
최근 결과	486	62
조약돌 부족	504	76
뽑기로 돌아가기	522	104
보상과 확률	540	76
게임 계속	558	62
게임 종료	576	62
항목을 눌러 설정	594	109
이름을 눌러 상세 보기	612	142
보상은 가방에 지급됩니다	630	165
원하는 항목을 선택하세요	648	165
팀 선택	666	48
확인	684	29
사용법	702	43
시작 준비	720	62
1회 뽑기	738	56
조약돌	756	43
