# asset suffix|resource format|model system|atlas|Minecraft releases
1.12|3|fallback|none|1.12,1.12.1,1.12.2
1.13|4|fallback|none|1.13,1.13.1,1.13.2
1.14|4|legacy|none|1.14,1.14.1,1.14.2,1.14.3,1.14.4
1.15-1.16.1|5|legacy|none|1.15,1.15.1,1.15.2,1.16,1.16.1
1.16.2-1.16.5|6|legacy|none|1.16.2,1.16.3,1.16.4,1.16.5
1.17|7|legacy|none|1.17,1.17.1
1.18|8|legacy|none|1.18,1.18.1,1.18.2
1.19-1.19.2|9|legacy|none|1.19,1.19.1,1.19.2
1.19.3|12|legacy|blocks|1.19.3
1.19.4|13|legacy|blocks|1.19.4
1.20-1.20.1|15|legacy|blocks|1.20,1.20.1
1.20.2|18|legacy|blocks|1.20.2
1.20.3-1.20.4|22|legacy|blocks|1.20.3,1.20.4
1.20.5-1.20.6|32|legacy|blocks|1.20.5,1.20.6
1.21-1.21.1|34|legacy|blocks|1.21,1.21.1
1.21.2-1.21.3|42|legacy|blocks|1.21.2,1.21.3
1.21.4|46|modern|blocks|1.21.4
1.21.5|55|modern|blocks|1.21.5
1.21.6|63|modern|blocks|1.21.6
1.21.7-1.21.8|64|modern|blocks|1.21.7,1.21.8
1.21.9-1.21.10|69.0|modern|blocks|1.21.9,1.21.10
1.21.11|75.0|modern|items|1.21.11
26.1|84.0|modern|items|26.1,26.1.1,26.1.2
26.2|88.0|modern|items|26.2
26.3|97.1|modern|items|26.3
