Minecraft	file	sha1	url
1.12	NewGodWar-Art-d36217f4.zip	d36217f436eeaaeb6b1bd51a3ff3b4a4c830e96b	https://raw.githubusercontent.com/minjae9010/NewGodWar/master/resoucepack/NewGodWar-Art-d36217f4.zip
1.12.1	NewGodWar-Art-d36217f4.zip	d36217f436eeaaeb6b1bd51a3ff3b4a4c830e96b	https://raw.githubusercontent.com/minjae9010/NewGodWar/master/resoucepack/NewGodWar-Art-d36217f4.zip
1.12.2	NewGodWar-Art-d36217f4.zip	d36217f436eeaaeb6b1bd51a3ff3b4a4c830e96b	https://raw.githubusercontent.com/minjae9010/NewGodWar/master/resoucepack/NewGodWar-Art-d36217f4.zip
1.13	NewGodWar-Art-d36217f4.zip	d36217f436eeaaeb6b1bd51a3ff3b4a4c830e96b	https://raw.githubusercontent.com/minjae9010/NewGodWar/master/resoucepack/NewGodWar-Art-d36217f4.zip
1.13.1	NewGodWar-Art-d36217f4.zip	d36217f436eeaaeb6b1bd51a3ff3b4a4c830e96b	https://raw.githubusercontent.com/minjae9010/NewGodWar/master/resoucepack/NewGodWar-Art-d36217f4.zip
1.13.2	NewGodWar-Art-d36217f4.zip	d36217f436eeaaeb6b1bd51a3ff3b4a4c830e96b	https://raw.githubusercontent.com/minjae9010/NewGodWar/master/resoucepack/NewGodWar-Art-d36217f4.zip
1.14	NewGodWar-Art-d36217f4.zip	d36217f436eeaaeb6b1bd51a3ff3b4a4c830e96b	https://raw.githubusercontent.com/minjae9010/NewGodWar/master/resoucepack/NewGodWar-Art-d36217f4.zip
1.14.1	NewGodWar-Art-d36217f4.zip	d36217f436eeaaeb6b1bd51a3ff3b4a4c830e96b	https://raw.githubusercontent.com/minjae9010/NewGodWar/master/resoucepack/NewGodWar-Art-d36217f4.zip
1.14.2	NewGodWar-Art-d36217f4.zip	d36217f436eeaaeb6b1bd51a3ff3b4a4c830e96b	https://raw.githubusercontent.com/minjae9010/NewGodWar/master/resoucepack/NewGodWar-Art-d36217f4.zip
1.14.3	NewGodWar-Art-d36217f4.zip	d36217f436eeaaeb6b1bd51a3ff3b4a4c830e96b	https://raw.githubusercontent.com/minjae9010/NewGodWar/master/resoucepack/NewGodWar-Art-d36217f4.zip
1.14.4	NewGodWar-Art-d36217f4.zip	d36217f436eeaaeb6b1bd51a3ff3b4a4c830e96b	https://raw.githubusercontent.com/minjae9010/NewGodWar/master/resoucepack/NewGodWar-Art-d36217f4.zip
1.15	NewGodWar-Art-d36217f4.zip	d36217f436eeaaeb6b1bd51a3ff3b4a4c830e96b	https://raw.githubusercontent.com/minjae9010/NewGodWar/master/resoucepack/NewGodWar-Art-d36217f4.zip
1.15.1	NewGodWar-Art-d36217f4.zip	d36217f436eeaaeb6b1bd51a3ff3b4a4c830e96b	https://raw.githubusercontent.com/minjae9010/NewGodWar/master/resoucepack/NewGodWar-Art-d36217f4.zip
1.15.2	NewGodWar-Art-d36217f4.zip	d36217f436eeaaeb6b1bd51a3ff3b4a4c830e96b	https://raw.githubusercontent.com/minjae9010/NewGodWar/master/resoucepack/NewGodWar-Art-d36217f4.zip
1.16	NewGodWar-Art-d36217f4.zip	d36217f436eeaaeb6b1bd51a3ff3b4a4c830e96b	https://raw.githubusercontent.com/minjae9010/NewGodWar/master/resoucepack/NewGodWar-Art-d36217f4.zip
1.16.1	NewGodWar-Art-d36217f4.zip	d36217f436eeaaeb6b1bd51a3ff3b4a4c830e96b	https://raw.githubusercontent.com/minjae9010/NewGodWar/master/resoucepack/NewGodWar-Art-d36217f4.zip
1.16.2	NewGodWar-Art-d36217f4.zip	d36217f436eeaaeb6b1bd51a3ff3b4a4c830e96b	https://raw.githubusercontent.com/minjae9010/NewGodWar/master/resoucepack/NewGodWar-Art-d36217f4.zip
1.16.3	NewGodWar-Art-d36217f4.zip	d36217f436eeaaeb6b1bd51a3ff3b4a4c830e96b	https://raw.githubusercontent.com/minjae9010/NewGodWar/master/resoucepack/NewGodWar-Art-d36217f4.zip
1.16.4	NewGodWar-Art-d36217f4.zip	d36217f436eeaaeb6b1bd51a3ff3b4a4c830e96b	https://raw.githubusercontent.com/minjae9010/NewGodWar/master/resoucepack/NewGodWar-Art-d36217f4.zip
1.16.5	NewGodWar-Art-d36217f4.zip	d36217f436eeaaeb6b1bd51a3ff3b4a4c830e96b	https://raw.githubusercontent.com/minjae9010/NewGodWar/master/resoucepack/NewGodWar-Art-d36217f4.zip
1.17	NewGodWar-Art-d36217f4.zip	d36217f436eeaaeb6b1bd51a3ff3b4a4c830e96b	https://raw.githubusercontent.com/minjae9010/NewGodWar/master/resoucepack/NewGodWar-Art-d36217f4.zip
1.17.1	NewGodWar-Art-d36217f4.zip	d36217f436eeaaeb6b1bd51a3ff3b4a4c830e96b	https://raw.githubusercontent.com/minjae9010/NewGodWar/master/resoucepack/NewGodWar-Art-d36217f4.zip
1.18	NewGodWar-Art-d36217f4.zip	d36217f436eeaaeb6b1bd51a3ff3b4a4c830e96b	https://raw.githubusercontent.com/minjae9010/NewGodWar/master/resoucepack/NewGodWar-Art-d36217f4.zip
1.18.1	NewGodWar-Art-d36217f4.zip	d36217f436eeaaeb6b1bd51a3ff3b4a4c830e96b	https://raw.githubusercontent.com/minjae9010/NewGodWar/master/resoucepack/NewGodWar-Art-d36217f4.zip
1.18.2	NewGodWar-Art-d36217f4.zip	d36217f436eeaaeb6b1bd51a3ff3b4a4c830e96b	https://raw.githubusercontent.com/minjae9010/NewGodWar/master/resoucepack/NewGodWar-Art-d36217f4.zip
1.19	NewGodWar-Art-d36217f4.zip	d36217f436eeaaeb6b1bd51a3ff3b4a4c830e96b	https://raw.githubusercontent.com/minjae9010/NewGodWar/master/resoucepack/NewGodWar-Art-d36217f4.zip
1.19.1	NewGodWar-Art-d36217f4.zip	d36217f436eeaaeb6b1bd51a3ff3b4a4c830e96b	https://raw.githubusercontent.com/minjae9010/NewGodWar/master/resoucepack/NewGodWar-Art-d36217f4.zip
1.19.2	NewGodWar-Art-d36217f4.zip	d36217f436eeaaeb6b1bd51a3ff3b4a4c830e96b	https://raw.githubusercontent.com/minjae9010/NewGodWar/master/resoucepack/NewGodWar-Art-d36217f4.zip
1.19.3	NewGodWar-Art-d36217f4.zip	d36217f436eeaaeb6b1bd51a3ff3b4a4c830e96b	https://raw.githubusercontent.com/minjae9010/NewGodWar/master/resoucepack/NewGodWar-Art-d36217f4.zip
1.19.4	NewGodWar-Art-d36217f4.zip	d36217f436eeaaeb6b1bd51a3ff3b4a4c830e96b	https://raw.githubusercontent.com/minjae9010/NewGodWar/master/resoucepack/NewGodWar-Art-d36217f4.zip
1.20	NewGodWar-Art-d36217f4.zip	d36217f436eeaaeb6b1bd51a3ff3b4a4c830e96b	https://raw.githubusercontent.com/minjae9010/NewGodWar/master/resoucepack/NewGodWar-Art-d36217f4.zip
1.20.1	NewGodWar-Art-d36217f4.zip	d36217f436eeaaeb6b1bd51a3ff3b4a4c830e96b	https://raw.githubusercontent.com/minjae9010/NewGodWar/master/resoucepack/NewGodWar-Art-d36217f4.zip
1.20.2	NewGodWar-Art-d36217f4.zip	d36217f436eeaaeb6b1bd51a3ff3b4a4c830e96b	https://raw.githubusercontent.com/minjae9010/NewGodWar/master/resoucepack/NewGodWar-Art-d36217f4.zip
1.20.3	NewGodWar-Art-d36217f4.zip	d36217f436eeaaeb6b1bd51a3ff3b4a4c830e96b	https://raw.githubusercontent.com/minjae9010/NewGodWar/master/resoucepack/NewGodWar-Art-d36217f4.zip
1.20.4	NewGodWar-Art-d36217f4.zip	d36217f436eeaaeb6b1bd51a3ff3b4a4c830e96b	https://raw.githubusercontent.com/minjae9010/NewGodWar/master/resoucepack/NewGodWar-Art-d36217f4.zip
1.20.5	NewGodWar-Art-d36217f4.zip	d36217f436eeaaeb6b1bd51a3ff3b4a4c830e96b	https://raw.githubusercontent.com/minjae9010/NewGodWar/master/resoucepack/NewGodWar-Art-d36217f4.zip
1.20.6	NewGodWar-Art-d36217f4.zip	d36217f436eeaaeb6b1bd51a3ff3b4a4c830e96b	https://raw.githubusercontent.com/minjae9010/NewGodWar/master/resoucepack/NewGodWar-Art-d36217f4.zip
1.21	NewGodWar-Art-d36217f4.zip	d36217f436eeaaeb6b1bd51a3ff3b4a4c830e96b	https://raw.githubusercontent.com/minjae9010/NewGodWar/master/resoucepack/NewGodWar-Art-d36217f4.zip
1.21.1	NewGodWar-Art-d36217f4.zip	d36217f436eeaaeb6b1bd51a3ff3b4a4c830e96b	https://raw.githubusercontent.com/minjae9010/NewGodWar/master/resoucepack/NewGodWar-Art-d36217f4.zip
1.21.2	NewGodWar-Art-d36217f4.zip	d36217f436eeaaeb6b1bd51a3ff3b4a4c830e96b	https://raw.githubusercontent.com/minjae9010/NewGodWar/master/resoucepack/NewGodWar-Art-d36217f4.zip
1.21.3	NewGodWar-Art-d36217f4.zip	d36217f436eeaaeb6b1bd51a3ff3b4a4c830e96b	https://raw.githubusercontent.com/minjae9010/NewGodWar/master/resoucepack/NewGodWar-Art-d36217f4.zip
1.21.4	NewGodWar-Art-d36217f4.zip	d36217f436eeaaeb6b1bd51a3ff3b4a4c830e96b	https://raw.githubusercontent.com/minjae9010/NewGodWar/master/resoucepack/NewGodWar-Art-d36217f4.zip
1.21.5	NewGodWar-Art-d36217f4.zip	d36217f436eeaaeb6b1bd51a3ff3b4a4c830e96b	https://raw.githubusercontent.com/minjae9010/NewGodWar/master/resoucepack/NewGodWar-Art-d36217f4.zip
1.21.6	NewGodWar-Art-d36217f4.zip	d36217f436eeaaeb6b1bd51a3ff3b4a4c830e96b	https://raw.githubusercontent.com/minjae9010/NewGodWar/master/resoucepack/NewGodWar-Art-d36217f4.zip
1.21.7	NewGodWar-Art-d36217f4.zip	d36217f436eeaaeb6b1bd51a3ff3b4a4c830e96b	https://raw.githubusercontent.com/minjae9010/NewGodWar/master/resoucepack/NewGodWar-Art-d36217f4.zip
1.21.8	NewGodWar-Art-d36217f4.zip	d36217f436eeaaeb6b1bd51a3ff3b4a4c830e96b	https://raw.githubusercontent.com/minjae9010/NewGodWar/master/resoucepack/NewGodWar-Art-d36217f4.zip
1.21.9	NewGodWar-Art-d36217f4.zip	d36217f436eeaaeb6b1bd51a3ff3b4a4c830e96b	https://raw.githubusercontent.com/minjae9010/NewGodWar/master/resoucepack/NewGodWar-Art-d36217f4.zip
1.21.10	NewGodWar-Art-d36217f4.zip	d36217f436eeaaeb6b1bd51a3ff3b4a4c830e96b	https://raw.githubusercontent.com/minjae9010/NewGodWar/master/resoucepack/NewGodWar-Art-d36217f4.zip
1.21.11	NewGodWar-Art-d36217f4.zip	d36217f436eeaaeb6b1bd51a3ff3b4a4c830e96b	https://raw.githubusercontent.com/minjae9010/NewGodWar/master/resoucepack/NewGodWar-Art-d36217f4.zip
26.1	NewGodWar-Art-d36217f4.zip	d36217f436eeaaeb6b1bd51a3ff3b4a4c830e96b	https://raw.githubusercontent.com/minjae9010/NewGodWar/master/resoucepack/NewGodWar-Art-d36217f4.zip
26.1.1	NewGodWar-Art-d36217f4.zip	d36217f436eeaaeb6b1bd51a3ff3b4a4c830e96b	https://raw.githubusercontent.com/minjae9010/NewGodWar/master/resoucepack/NewGodWar-Art-d36217f4.zip
26.1.2	NewGodWar-Art-d36217f4.zip	d36217f436eeaaeb6b1bd51a3ff3b4a4c830e96b	https://raw.githubusercontent.com/minjae9010/NewGodWar/master/resoucepack/NewGodWar-Art-d36217f4.zip
26.2	NewGodWar-Art-d36217f4.zip	d36217f436eeaaeb6b1bd51a3ff3b4a4c830e96b	https://raw.githubusercontent.com/minjae9010/NewGodWar/master/resoucepack/NewGodWar-Art-d36217f4.zip
26.3	NewGodWar-Art-d36217f4.zip	d36217f436eeaaeb6b1bd51a3ff3b4a4c830e96b	https://raw.githubusercontent.com/minjae9010/NewGodWar/master/resoucepack/NewGodWar-Art-d36217f4.zip
